Program,Threads,N_Bodies,Time(s)
kokkos,4,5000, Elapsed Time: Warning: command line argument '--kokkos-threads=4' is not recognized. Raised by Kokkos::initialize().
Kokkos::OpenMP::initialize WARNING: OMP_PROC_BIND environment variable not set
  In general, for best performance with OpenMP 4.0 or better set OMP_PROC_BIND=spread and OMP_PLACES=threads
  For best performance with OpenMP 3.1 set OMP_PROC_BIND=true
  For unit testing set OMP_PROC_BIND=false

MPI detected: For OpenMP binding to work as intended, MPI ranks must be bound to exclusive CPU sets.

2.48
